id,score,achievements,welcome,user_id,updated_at
bd17db02-043c-4273-8b73-bb6e2bf056b9,0,{},false,57257157,2025-11-28
b2b5c471-363a-4068-8ae6-5850c80870bd,0,"{SAME_RISK,NO_PHISHING_MONTH}",false,52485279,2025-11-28
aa6d9ece-1122-439b-8474-e31924cd1ff8,21,"{SAME_RISK,NO_PHISHING_MONTH,ALL_YEARLY_ENROLLMENTS}",false,45935061,2025-11-28
59492077-a27e-4fc8-858d-3d67c27c6ffe,33,"{SAME_RISK,NO_PHISHING_MONTH,NO_PHISHING_YEAR,ALL_YEARLY_ENROLLMENTS}",false,23545849,2025-11-28
8c310f66-71a2-4841-a76b-4e51649857b3,0,"{SAME_RISK,NO_PHISHING_MONTH}",false,43139374,2025-11-28
be87b573-6ed8-4722-8e84-f84588f155e3,0,{SAME_RISK},false,48623974,2025-11-28
b4b8bb70-5f9a-4576-87b8-89e4fbd9cf41,0,{SAME_RISK},false,43139373,2025-11-28
20ee9e3a-0980-401b-8e22-bb6ea06ddba5,5,{SAME_RISK},false,23545858,2025-11-28
f57ecb90-4678-4974-8f8e-eb8ce0c13997,5,"{SAME_RISK,NO_PHISHING_MONTH}",false,23545861,2025-11-28
c7b73f91-f9ce-48f8-860f-121478aa1d7b,7,{SAME_RISK},false,23545864,2025-11-28
456a6558-f910-4af3-9f7a-fcb033e4a0b6,24,"{SAME_RISK,ONE_MONTHLY_ENROLLMENT,NO_PHISHING_MONTH,MONTHLY_PHISH_REPORTS,ALL_YEARLY_ENROLLMENTS}",false,43139381,2025-11-28
b104fe46-49df-4ca6-bbbd-fa58c29ae2b6,25,"{SAME_RISK,NO_PHISHING_MONTH,ALL_YEARLY_ENROLLMENTS}",false,23545865,2025-11-28
bce3c710-ba37-4af3-807d-b3fe55afc408,33,"{SAME_RISK,ONE_MONTHLY_ENROLLMENT,NO_PHISHING_MONTH,MONTHLY_PHISH_REPORTS,NO_PHISHING_YEAR,ALL_YEARLY_ENROLLMENTS}",false,43139387,2025-11-28
a55f34b5-8ba5-4408-bff4-ad9fca1fac91,0,"{SAME_RISK,NO_PHISHING_MONTH}",false,54288844,2025-11-28
889d56c6-4deb-43ca-8ba4-dd5f9a0422f1,0,{SAME_RISK},false,33801481,2025-11-28
74a7bb21-a7f5-4c33-91e8-6e95888dae40,0,{},false,57549034,2025-11-28
0bdf1a31-92b0-4507-8a30-c4b0d926239f,18,"{SAME_RISK,NO_PHISHING_MONTH,MONTHLY_PHISH_REPORTS,NO_PHISHING_YEAR}",false,23545458,2025-11-28
301cd3bb-d85f-4b1f-a28d-393e5a07452f,32,"{SAME_RISK,NO_PHISHING_MONTH,NO_PHISHING_YEAR,ALL_YEARLY_ENROLLMENTS}",false,23545460,2025-11-28
87742599-e568-491f-9b6f-bc1ac799aaa6,39,"{SAME_RISK,NO_PHISHING_MONTH,MONTHLY_PHISH_REPORTS,NO_PHISHING_YEAR,ALL_YEARLY_ENROLLMENTS}",false,23545466,2025-11-28
913455aa-f011-42aa-98a4-757cb47879ef,15,"{SAME_RISK,NO_PHISHING_YEAR}",false,43139369,2025-11-28
9891eac5-42cd-45db-b3b2-7591847a860c,0,"{SAME_RISK,NO_PHISHING_MONTH}",false,53619942,2025-11-28
caf192f6-5f48-4e4c-a7f8-b11253339de9,36,"{SAME_RISK,NO_PHISHING_MONTH,MONTHLY_PHISH_REPORTS,NO_PHISHING_YEAR,ALL_YEARLY_ENROLLMENTS}",false,23545485,2025-11-28
546fab9f-dadb-4f80-9862-17d7dc3ba655,8,"{SAME_RISK,NO_PHISHING_MONTH}",false,53227261,2025-11-28
d2bf39dd-1ee7-4341-9899-d9f5a72db43c,5,"{SAME_RISK,NO_PHISHING_MONTH}",false,23545490,2025-11-28
3ebc0708-dc3a-4970-808c-5384b44edd98,15,"{SAME_RISK,NO_PHISHING_MONTH,MONTHLY_PHISH_REPORTS,NO_PHISHING_YEAR}",false,18073068,2025-11-28
8054c6f2-d12d-453d-8c91-b811fc0a93f3,25,"{SAME_RISK,NO_PHISHING_MONTH,MONTHLY_PHISH_REPORTS,ALL_YEARLY_ENROLLMENTS}",false,48525614,2025-11-28
62dd2f0d-7dc0-4b3a-aa89-5b7e4fb9d9a3,0,{SAME_RISK},false,23545497,2025-11-28
491bffa1-c57f-4bd7-be3b-a1b20d70ab12,38,"{SAME_RISK,NO_PHISHING_MONTH,MONTHLY_PHISH_REPORTS,NO_PHISHING_YEAR,ALL_YEARLY_ENROLLMENTS}",false,23545499,2025-11-28
4135dbda-f097-4392-b24f-f1786f5647cc,0,{SAME_RISK},false,44924667,2025-11-28
4699614e-f085-4671-99c7-d7d8fc153caa,0,{SAME_RISK},false,23545503,2025-11-28
0d082fd7-d281-442c-b830-95074f7bf4ba,8,"{SAME_RISK,NO_PHISHING_MONTH}",false,56588280,2025-11-28
f4c26d33-95a5-4481-9333-1b678fbd3adb,22,"{LESS_RISK,NO_PHISHING_MONTH,ALL_YEARLY_ENROLLMENTS}",false,55322881,2025-11-28
1d700da3-49f1-40dc-87f3-5fd5ff31e665,10,"{SAME_RISK,NO_PHISHING_MONTH,MONTHLY_PHISH_REPORTS,NO_PHISHING_YEAR}",false,23545514,2025-11-28
0968ef19-55ac-494e-8396-357df38640ea,0,{SAME_RISK},false,23545516,2025-11-28
681dd330-e4c1-4973-b9c2-8de6221b8399,10,"{SAME_RISK,NO_PHISHING_MONTH,NO_PHISHING_YEAR}",false,50533408,2025-11-28
a5baf96b-832b-4f56-8f8e-87c34a9e1336,5,{SAME_RISK},false,43139353,2025-11-28
4319df5f-85ce-4a7c-a8b0-924df122e1e1,5,"{SAME_RISK,ONE_MONTHLY_ENROLLMENT,NO_PHISHING_MONTH}",false,44924665,2025-11-28
5a450852-6b2e-4c78-b25f-573345dcc705,0,{SAME_RISK},false,46377693,2025-11-28
5b073a89-c41b-4a42-99fc-465c39e7c4ed,8,"{SAME_RISK,NO_PHISHING_MONTH}",false,43139360,2025-11-28
6515f716-4f8d-4c40-81c5-6b312fb44030,0,{SAME_RISK},false,53302963,2025-11-28
f0aece65-2233-435f-8ce4-7745a7662af7,15,"{SAME_RISK,ONE_MONTHLY_ENROLLMENT,NO_PHISHING_MONTH,NO_PHISHING_YEAR}",false,48065293,2025-11-28
4c206622-6b29-4c36-801f-d25576161d06,10,"{SAME_RISK,NO_PHISHING_MONTH,MONTHLY_PHISH_REPORTS}",false,55485277,2025-11-28
cd309ca1-d071-4395-aa33-b849dadc5b17,23,"{SAME_RISK,NO_PHISHING_MONTH,MONTHLY_PHISH_REPORTS,NO_PHISHING_YEAR}",false,23545541,2025-11-28
67444c6e-e6a1-4af5-a1a3-192ccd422a97,20,{SAME_RISK},false,34294797,2025-11-28
e55fb684-777f-46e7-b94f-114b5dc36fb6,0,{SAME_RISK},false,54624689,2025-11-28
4ea07d92-cec2-433f-8779-be335cae2461,0,{SAME_RISK},false,55128658,2025-11-28
f55e6a20-94d4-4c43-b1bf-4aec3327100a,28,"{SAME_RISK,ALL_YEARLY_ENROLLMENTS}",false,23545552,2025-11-28
c30e8b8f-97e2-4776-9f3d-7d422a3ae965,33,"{SAME_RISK,NO_PHISHING_MONTH,TOP_10_TEMPLATES,MONTHLY_PHISH_REPORTS,NO_PHISHING_YEAR,ALL_YEARLY_ENROLLMENTS}",false,23545553,2025-11-28
caef44a9-9b02-4fbe-918a-f8ba7a8f8e26,36,"{SAME_RISK,NO_PHISHING_MONTH,MONTHLY_PHISH_REPORTS,NO_PHISHING_YEAR,ALL_YEARLY_ENROLLMENTS}",false,23545558,2025-11-28
e3e7b946-a3d2-4795-97d1-695022e5b8de,38,"{SAME_RISK,NO_PHISHING_MONTH,MONTHLY_PHISH_REPORTS,NO_PHISHING_YEAR,ALL_YEARLY_ENROLLMENTS}",false,23545563,2025-11-28
1f196079-649e-42e9-947f-44a9721730a0,5,"{SAME_RISK,NO_PHISHING_MONTH}",false,56051480,2025-11-28
6a4fe6b6-f11b-4f47-a9d2-ff2294b5ba7d,25,"{SAME_RISK,NO_PHISHING_MONTH,MONTHLY_PHISH_REPORTS,ALL_YEARLY_ENROLLMENTS}",false,23545572,2025-11-28
c192716c-5189-431f-bce7-01c6acda625a,25,"{SAME_RISK,NO_PHISHING_MONTH,MONTHLY_PHISH_REPORTS,ALL_YEARLY_ENROLLMENTS}",false,56246806,2025-11-28
25f690b3-86f5-4eab-920d-5bc3e8f081c3,23,"{SAME_RISK,NO_PHISHING_MONTH,ALL_YEARLY_ENROLLMENTS}",false,23545574,2025-11-28
af5d85ab-15f9-4510-8d11-0c6d48ee280d,31,"{SAME_RISK,NO_PHISHING_MONTH,NO_PHISHING_YEAR,ALL_YEARLY_ENROLLMENTS}",false,23545582,2025-11-28
d6d8b1d3-3dd3-49d3-ba8e-7c00e0cdf377,39,"{SAME_RISK,NO_PHISHING_MONTH,NO_PHISHING_YEAR,ALL_YEARLY_ENROLLMENTS}",false,23545590,2025-11-28
36c1036d-4d7e-4c75-8717-474d2e4db3bf,0,"{SAME_RISK,NO_PHISHING_MONTH}",false,35477414,2025-11-28
2e96526d-2ca5-4c39-ae83-43bf8cad6a79,6,"{SAME_RISK,WELCOME_TRAINING}",true,56916835,2025-11-28
22550bed-9267-4ea2-bb9b-f411b3c7bf77,32,"{SAME_RISK,NO_PHISHING_MONTH,NO_PHISHING_YEAR,ALL_YEARLY_ENROLLMENTS}",false,23545600,2025-11-28
766fef3b-258f-4719-8af5-0ab6980d225d,0,"{SAME_RISK,NO_PHISHING_MONTH}",false,43604100,2025-11-28
90ae6374-7687-4c05-a93e-4b6bb7b4604f,10,"{SAME_RISK,NO_PHISHING_MONTH,NO_PHISHING_YEAR}",false,23545602,2025-11-28
20689bb0-91cf-4855-b35b-183a7acb3470,5,"{SAME_RISK,NO_PHISHING_MONTH,MONTHLY_PHISH_REPORTS}",false,51405540,2025-11-28
e4532045-16f7-4c98-bca1-1acdd283400f,38,"{SAME_RISK,NO_PHISHING_MONTH,MONTHLY_PHISH_REPORTS,NO_PHISHING_YEAR,ALL_YEARLY_ENROLLMENTS}",false,23545619,2025-11-28
b196491f-70f0-4b6e-85f1-054db9c2c044,0,{SAME_RISK},false,53891325,2025-11-28
6eb405cc-d068-43cd-8625-0f6a83a8d090,16,"{SAME_RISK,NO_PHISHING_MONTH,ALL_YEARLY_ENROLLMENTS}",false,23545623,2025-11-28
7a73a45f-d33f-49b8-88c3-90a54bbc90d4,24,"{SAME_RISK,NO_PHISHING_MONTH,MONTHLY_PHISH_REPORTS,ALL_YEARLY_ENROLLMENTS}",false,23545627,2025-11-28
2d56d965-1e9a-49d9-80f2-0af8bac1029b,5,"{SAME_RISK,NO_PHISHING_MONTH}",false,23545630,2025-11-28
e8ca5cbe-182e-4831-b6c0-ab1cd4620707,25,"{SAME_RISK,NO_PHISHING_MONTH,ALL_YEARLY_ENROLLMENTS}",false,52333855,2025-11-28
cf840e14-48f4-4320-9b10-62c7349e8d53,33,"{SAME_RISK,NO_PHISHING_MONTH,NO_PHISHING_YEAR,ALL_YEARLY_ENROLLMENTS}",false,48065295,2025-11-28
11c433dd-6328-429b-80ac-035da179197f,21,"{SAME_RISK,NO_PHISHING_MONTH,ALL_YEARLY_ENROLLMENTS}",false,23545638,2025-11-28
19e658c9-4e17-454d-bdbc-992c6ccbaaa0,33,"{SAME_RISK,NO_PHISHING_YEAR,ALL_YEARLY_ENROLLMENTS}",false,24832331,2025-11-28
a8e15c18-e49c-46c3-95e7-19a67eae949b,28,"{SAME_RISK,NO_PHISHING_MONTH,MONTHLY_PHISH_REPORTS,ALL_YEARLY_ENROLLMENTS}",false,23545641,2025-11-28
e2746bd2-f41c-42a4-9a49-e2353c31bc85,21,"{SAME_RISK,ONE_MONTHLY_ENROLLMENT,NO_PHISHING_MONTH,MONTHLY_PHISH_REPORTS,ALL_YEARLY_ENROLLMENTS}",false,18073056,2025-11-28
c0581453-63ba-4693-8af1-059b79cc00c4,27,"{SAME_RISK,NO_PHISHING_MONTH,NO_PHISHING_YEAR}",false,37357888,2025-11-28
e78131ee-4913-4e42-8c3c-5cc62dd67dc6,21,"{SAME_RISK,NO_PHISHING_MONTH,ALL_YEARLY_ENROLLMENTS}",true,57188183,2025-11-28
d9c419fd-394c-4331-b789-666955105a81,26,"{SAME_RISK,NO_PHISHING_MONTH,MONTHLY_PHISH_REPORTS,ALL_YEARLY_ENROLLMENTS}",false,23545649,2025-11-28
0c9b42df-d592-4741-b547-c6e070203b80,22,"{SAME_RISK,ALL_YEARLY_ENROLLMENTS}",false,53974567,2025-11-28
5debbacf-45ed-4ab4-96a3-0061215f88e9,26,"{SAME_RISK,NO_PHISHING_MONTH,MONTHLY_PHISH_REPORTS,ALL_YEARLY_ENROLLMENTS}",false,56356821,2025-11-28
a684852d-8409-4949-be5d-72d801caa367,13,"{SAME_RISK,NO_PHISHING_MONTH,MONTHLY_PHISH_REPORTS}",false,43828929,2025-11-28
3c0d8ed0-0dd0-4c09-9123-9d76a1eacc48,8,"{SAME_RISK,NO_PHISHING_MONTH,MONTHLY_PHISH_REPORTS}",false,23545660,2025-11-28
09739cef-1801-416b-a412-734d444d5462,35,"{SAME_RISK,NO_PHISHING_MONTH,MONTHLY_PHISH_REPORTS,NO_PHISHING_YEAR,ALL_YEARLY_ENROLLMENTS}",false,52027778,2025-11-28
f6978766-5192-41f3-8f24-d0f23d806764,7,"{SAME_RISK,NO_PHISHING_MONTH}",false,52521298,2025-11-28
6100e904-35a1-4a53-aade-70a1e3cfd038,0,{SAME_RISK},false,23545675,2025-11-28
ebebb0e9-2c19-4206-be28-c3930be89ea3,29,"{SAME_RISK,NO_PHISHING_MONTH,MONTHLY_PHISH_REPORTS,ALL_YEARLY_ENROLLMENTS}",false,23545679,2025-11-28
8c630a5a-9043-493d-9ce3-6a6b8c38df1c,24,"{SAME_RISK,ALL_YEARLY_ENROLLMENTS}",false,43139380,2025-11-28
0e373cfc-4193-4a61-a80b-9f1fbd0ec194,17,"{SAME_RISK,NO_PHISHING_MONTH,NO_PHISHING_YEAR}",false,43604086,2025-11-28
55cc90f2-784d-43bf-ade9-187363862ad4,18,"{SAME_RISK,NO_PHISHING_YEAR}",false,23545689,2025-11-28
663506e0-77a9-4718-b0ef-8af05622d3f8,10,"{SAME_RISK,NO_PHISHING_MONTH,NO_PHISHING_YEAR}",false,23545690,2025-11-28
41c32a62-7560-47bf-95bd-11cb53eba681,10,"{SAME_RISK,NO_PHISHING_YEAR}",false,48065297,2025-11-28
af950f7b-dcc3-4a22-91f6-0fb591866f34,5,"{SAME_RISK,NO_PHISHING_MONTH}",false,56316310,2025-11-28
5b140df8-f804-4551-8819-f281605bf6c4,0,{SAME_RISK},false,54020517,2025-11-28
130edd5a-9ef7-430c-8b3d-3fc09eeb0257,28,"{SAME_RISK,NO_PHISHING_MONTH,MONTHLY_PHISH_REPORTS,ALL_YEARLY_ENROLLMENTS}",false,51662738,2025-11-28
c552c348-d3ae-45d8-b6a1-fe11b3108052,25,"{SAME_RISK,NO_PHISHING_MONTH,ALL_YEARLY_ENROLLMENTS}",false,55144796,2025-11-28
112fdccf-d763-4dfc-b681-ac419958fa5d,23,"{SAME_RISK,NO_PHISHING_MONTH,MONTHLY_PHISH_REPORTS,ALL_YEARLY_ENROLLMENTS}",false,23545709,2025-11-28
1836f9b7-c5c4-43cc-87e3-a6539e0c20e5,31,"{SAME_RISK,NO_PHISHING_MONTH,MONTHLY_PHISH_REPORTS,NO_PHISHING_YEAR,ALL_YEARLY_ENROLLMENTS}",false,23545710,2025-11-28
f659cce6-c9cd-408b-8f54-4e685b31cb1c,36,"{SAME_RISK,ONE_MONTHLY_ENROLLMENT,NO_PHISHING_MONTH,MONTHLY_PHISH_REPORTS,NO_PHISHING_YEAR,ALL_YEARLY_ENROLLMENTS}",false,43604089,2025-11-28
59889753-4516-4aa1-99e1-f08fdf1dd272,11,"{SAME_RISK,NO_PHISHING_MONTH,MONTHLY_PHISH_REPORTS}",false,49505654,2025-11-28
267a62d3-0dcc-4c40-98d1-7e3b09e80068,0,"{SAME_RISK,ONE_MONTHLY_ENROLLMENT}",false,55144797,2025-11-28
587f4357-d29b-4fca-95b0-c225e703d9d6,5,"{SAME_RISK,NO_PHISHING_MONTH}",false,23545719,2025-11-28
5a6f075f-35e8-49d9-90dd-2738b368cc2f,5,{SAME_RISK},false,23545720,2025-11-28
451a3389-bbaf-413d-bcf3-64a71e1d9466,18,"{SAME_RISK,NO_PHISHING_MONTH,MONTHLY_PHISH_REPORTS,NO_PHISHING_YEAR}",false,43604282,2025-11-28
9e2e8853-2535-44b0-9e2a-b3389ca15d09,15,"{SAME_RISK,NO_PHISHING_YEAR}",false,23545723,2025-11-28
3633c5dc-21b0-4add-8633-e7adc4d701ca,39,"{SAME_RISK,NO_PHISHING_MONTH,MONTHLY_PHISH_REPORTS,NO_PHISHING_YEAR,ALL_YEARLY_ENROLLMENTS}",false,23545725,2025-11-28
e704b1b5-c6ae-4c89-95c5-95d857aa3df5,21,"{SAME_RISK,NO_PHISHING_MONTH,ALL_YEARLY_ENROLLMENTS}",false,23545727,2025-11-28
4dfa9054-32c7-4fdc-9778-8eb83ec0c776,28,"{SAME_RISK,NO_PHISHING_MONTH,MONTHLY_PHISH_REPORTS,NO_PHISHING_YEAR,ALL_YEARLY_ENROLLMENTS}",false,44924671,2025-11-28
63c26809-fab8-4831-a70c-5e0f8262343f,29,"{SAME_RISK,NO_PHISHING_MONTH,ALL_YEARLY_ENROLLMENTS}",false,36240034,2025-11-28
aeee54bd-7748-4c12-a6a3-7ddbc5512b31,38,"{SAME_RISK,NO_PHISHING_MONTH,MONTHLY_PHISH_REPORTS,NO_PHISHING_YEAR,ALL_YEARLY_ENROLLMENTS}",false,23545730,2025-11-28
e1bb24ea-3cc5-4b30-9957-24f2ba57afa3,9,"{SAME_RISK,MONTHLY_PHISH_REPORTS}",false,54319231,2025-11-28
0ca0bff8-c213-4700-835a-fd66eb4de3ac,5,{SAME_RISK},false,23545738,2025-11-28
9e7305cd-bb0a-47c4-96c1-a012ee6ed07b,26,"{SAME_RISK,NO_PHISHING_MONTH,ALL_YEARLY_ENROLLMENTS}",false,23545741,2025-11-28
fb2be688-1196-4e31-a522-ee8c2f58ebb6,28,"{SAME_RISK,NO_PHISHING_MONTH,ALL_YEARLY_ENROLLMENTS}",false,48588659,2025-11-28
7559f447-3ed3-43ab-8616-a4cd19384ab2,0,{SAME_RISK},false,57600228,2025-11-28
9e0762b7-5c54-41e2-9177-7727f1555ecf,5,"{SAME_RISK,NO_PHISHING_MONTH}",false,23545750,2025-11-28
cc1613e3-a231-4159-9f60-3d1fcc9fcff7,26,"{SAME_RISK,NO_PHISHING_MONTH,NO_PHISHING_YEAR}",false,23545752,2025-11-28
aa5354ba-a71e-4cda-ab97-9370783f5b36,22,"{SAME_RISK,NO_PHISHING_MONTH,ALL_YEARLY_ENROLLMENTS}",false,56398561,2025-11-28
db3c23b4-3c22-4ac2-8d7f-222da13d41cc,21,"{SAME_RISK,ONE_MONTHLY_ENROLLMENT,NO_PHISHING_MONTH,NO_PHISHING_YEAR}",false,23545759,2025-11-28
3616cda9-6230-48f3-9bcb-b3c49089e3cd,21,"{SAME_RISK,ONE_MONTHLY_ENROLLMENT,NO_PHISHING_MONTH,ALL_YEARLY_ENROLLMENTS}",false,44924675,2025-11-28
c1cd8175-af49-4698-8a93-85a384d41084,0,{SAME_RISK},false,57427038,2025-11-28
ee22a3e3-1dea-4c22-92d4-c42e3d33ff14,18,"{SAME_RISK,NO_PHISHING_MONTH,MONTHLY_PHISH_REPORTS,NO_PHISHING_YEAR}",false,23545762,2025-11-28
97d84d18-ff0e-478b-a634-9d5ffa9f81c7,35,"{SAME_RISK,NO_PHISHING_MONTH,NO_PHISHING_YEAR,ALL_YEARLY_ENROLLMENTS}",false,43139356,2025-11-28
b0ed138f-c3ad-4885-a205-da19ab9b5fff,8,"{SAME_RISK,NO_PHISHING_MONTH}",false,46338200,2025-11-28
ae737514-9560-4914-8c57-8195ba62ac43,39,"{SAME_RISK,NO_PHISHING_MONTH,MONTHLY_PHISH_REPORTS,NO_PHISHING_YEAR,ALL_YEARLY_ENROLLMENTS}",false,23545770,2025-11-28
f5512cec-33db-45f0-be49-b176fff8dba0,28,"{SAME_RISK,NO_PHISHING_MONTH,MONTHLY_PHISH_REPORTS,ALL_YEARLY_ENROLLMENTS}",false,23545773,2025-11-28
0245b70f-15fb-49be-97c5-295d77cb7ad9,36,"{SAME_RISK,NO_PHISHING_YEAR,ALL_YEARLY_ENROLLMENTS}",false,23545775,2025-11-28
13c311da-1dbf-4443-898a-b2aa820f3336,5,"{SAME_RISK,NO_PHISHING_MONTH}",false,55527669,2025-11-28
3330f036-8b9e-4c7e-b5a9-ba32482b943a,32,"{SAME_RISK,NO_PHISHING_MONTH,NO_PHISHING_YEAR,ALL_YEARLY_ENROLLMENTS}",false,23545802,2025-11-28
ff3228df-e2f0-465d-98a8-ac8b8cf55fd6,21,"{SAME_RISK,NO_PHISHING_MONTH,ALL_YEARLY_ENROLLMENTS}",false,55015098,2025-11-28
e1ddac27-9c64-41ec-bf98-d44637e8f6bb,36,"{SAME_RISK,NO_PHISHING_MONTH,MONTHLY_PHISH_REPORTS,NO_PHISHING_YEAR,ALL_YEARLY_ENROLLMENTS}",false,44924673,2025-11-28
16f4dbbd-0a2a-4a6b-ad4c-cefdc75ebf6e,0,{SAME_RISK},false,54555643,2025-11-28
037a7fbb-557f-4dd0-8626-51051f75578b,3,"{SAME_RISK,NO_PHISHING_MONTH}",false,23545816,2025-11-28
d593fb3e-63ee-456c-b6b0-1c9f662b5a49,24,"{SAME_RISK,NO_PHISHING_MONTH,ALL_YEARLY_ENROLLMENTS}",false,23545820,2025-11-28
368886a5-cac5-4ba8-9361-726585dfb77e,10,"{SAME_RISK,NO_PHISHING_MONTH,NO_PHISHING_YEAR}",false,23545829,2025-11-28
5b4330bb-9e86-4b40-812d-3278bbd6cdc9,5,"{SAME_RISK,NO_PHISHING_MONTH,MONTHLY_PHISH_REPORTS}",false,55515964,2025-11-28
19d31c02-f253-4231-bc4a-1186acee90a4,29,"{SAME_RISK,NO_PHISHING_MONTH,MONTHLY_PHISH_REPORTS,ALL_YEARLY_ENROLLMENTS}",false,23545831,2025-11-28
f91ffdd5-0d5c-4d25-8e8b-62f51efb756a,0,{SAME_RISK},false,49500781,2025-11-28
06b616d2-6cd0-4718-a1e2-c300f9be7bc3,38,"{SAME_RISK,NO_PHISHING_MONTH,MONTHLY_PHISH_REPORTS,NO_PHISHING_YEAR,ALL_YEARLY_ENROLLMENTS}",false,23545834,2025-11-28
52ace5bc-2d61-494f-96b8-35c4b190ed7b,23,"{SAME_RISK,MONTHLY_PHISH_REPORTS,ALL_YEARLY_ENROLLMENTS}",false,44720971,2025-11-28
9f0d11fa-7660-47f6-9e51-c2ab2f92963d,8,"{SAME_RISK,NO_PHISHING_MONTH}",false,55194994,2025-11-28
1b8bbf42-13ac-44c7-8967-07d34929d461,41,"{SAME_RISK,NO_PHISHING_MONTH,TOP_10_TEMPLATES,MONTHLY_PHISH_REPORTS,NO_PHISHING_YEAR,ALL_YEARLY_ENROLLMENTS}",false,23545881,2025-11-28
86bb17c4-77fc-4550-bdf5-dc512cef96b8,0,{SAME_RISK},false,54288843,2025-11-28
84a88549-cf2a-443b-9da2-da7e79894a7f,15,"{SAME_RISK,NO_PHISHING_YEAR}",false,23545884,2025-11-28
0247564e-d388-4338-8afd-82bfcd584217,11,"{SAME_RISK,NO_PHISHING_MONTH,MONTHLY_PHISH_REPORTS}",false,22945359,2025-11-28
b01765b7-9885-4598-a996-35604f2f8f3b,18,"{SAME_RISK,ALL_YEARLY_ENROLLMENTS}",false,56646083,2025-11-28
987b90ea-f768-4554-8b6d-fb278531f611,36,"{SAME_RISK,NO_PHISHING_MONTH,MONTHLY_PHISH_REPORTS,NO_PHISHING_YEAR,ALL_YEARLY_ENROLLMENTS}",false,23545897,2025-11-28
ceef9158-052d-4a7a-849f-6000f307bc5e,39,"{SAME_RISK,NO_PHISHING_MONTH,MONTHLY_PHISH_REPORTS,NO_PHISHING_YEAR,ALL_YEARLY_ENROLLMENTS}",false,23545899,2025-11-28
b05ae18f-5754-468d-9282-388d211d94c6,35,"{SAME_RISK,NO_PHISHING_MONTH,MONTHLY_PHISH_REPORTS,NO_PHISHING_YEAR,ALL_YEARLY_ENROLLMENTS}",false,23545903,2025-11-28
7481b9ec-981e-4e4d-865c-77165602cd20,28,"{SAME_RISK,NO_PHISHING_MONTH,MONTHLY_PHISH_REPORTS,ALL_YEARLY_ENROLLMENTS}",false,23545904,2025-11-28
f58fe6e2-76be-453c-ad38-6747f63e32c0,28,"{SAME_RISK,NO_PHISHING_MONTH,MONTHLY_PHISH_REPORTS,ALL_YEARLY_ENROLLMENTS}",false,23545905,2025-11-28
65b9abe1-5875-4f51-98ff-f8bf8f4ec1d9,26,"{SAME_RISK,NO_PHISHING_MONTH,MONTHLY_PHISH_REPORTS,ALL_YEARLY_ENROLLMENTS}",false,23545907,2025-11-28
63c9da49-7df1-428b-81a0-81e3a16adaa2,15,"{SAME_RISK,NO_PHISHING_MONTH,NO_PHISHING_YEAR}",false,22119350,2025-11-28
6e0f6500-47ca-41f7-8d50-c5139cd7a953,6,"{SAME_RISK,NO_PHISHING_MONTH,MONTHLY_PHISH_REPORTS}",false,23545910,2025-11-28
49148cac-1962-4c70-8ac4-44e0c93600e5,36,"{SAME_RISK,NO_PHISHING_MONTH,MONTHLY_PHISH_REPORTS,NO_PHISHING_YEAR,ALL_YEARLY_ENROLLMENTS}",false,23545934,2025-11-28
78ff66d6-734f-40ad-a99a-eff649640da1,22,"{SAME_RISK,ALL_YEARLY_ENROLLMENTS}",false,23545937,2025-11-28
70b195f5-09e0-4d6b-9455-1fd0fd44b60c,21,"{SAME_RISK,ALL_YEARLY_ENROLLMENTS,WELCOME_TRAINING}",true,57209501,2025-11-28
9f03bc00-f807-40f6-afd5-e70665480cbf,21,"{SAME_RISK,ALL_YEARLY_ENROLLMENTS,WELCOME_TRAINING}",true,57246656,2025-11-28
63f28b82-b50e-4eee-a9bf-4fcad3429997,26,"{SAME_RISK,ALL_YEARLY_ENROLLMENTS,WELCOME_TRAINING}",true,57101598,2025-11-28
41b2a570-27d4-4e84-9785-44bb5f2a91f4,38,"{SAME_RISK,NO_PHISHING_MONTH,MONTHLY_PHISH_REPORTS,NO_PHISHING_YEAR,ALL_YEARLY_ENROLLMENTS}",false,23546071,2025-11-28
c9e583c7-65fb-4199-8030-cdea6a9370a8,10,"{SAME_RISK,NO_PHISHING_MONTH,MONTHLY_PHISH_REPORTS,NO_PHISHING_YEAR}",false,43604101,2025-11-28
eff2a8ca-41f8-458b-b86c-e1a051689724,38,"{SAME_RISK,NO_PHISHING_MONTH,MONTHLY_PHISH_REPORTS,NO_PHISHING_YEAR,ALL_YEARLY_ENROLLMENTS}",false,49500782,2025-11-28
d947cb14-ca29-47cf-b5ee-5c05f516f51d,0,"{SAME_RISK,NO_PHISHING_MONTH}",false,55863807,2025-11-28
4713a02d-b6ca-417d-8001-82304eaf5708,34,"{SAME_RISK,NO_PHISHING_MONTH,MONTHLY_PHISH_REPORTS,NO_PHISHING_YEAR,ALL_YEARLY_ENROLLMENTS}",false,23546084,2025-11-28
df497c48-8fa4-42a7-90da-a8fb885567c3,37,"{SAME_RISK,NO_PHISHING_MONTH,MONTHLY_PHISH_REPORTS,NO_PHISHING_YEAR,ALL_YEARLY_ENROLLMENTS}",false,43139388,2025-11-28
6ed5132f-d4be-4a9b-8038-5317476823d6,22,"{SAME_RISK,ONE_MONTHLY_ENROLLMENT,NO_PHISHING_MONTH,ALL_YEARLY_ENROLLMENTS}",false,43139359,2025-11-28
ab0de2c7-a94f-4618-8884-a42c6e77edfe,8,"{SAME_RISK,NO_PHISHING_MONTH}",false,48147163,2025-11-28
8a5ac003-f13f-4c81-8466-943a05cf2616,26,"{SAME_RISK,NO_PHISHING_MONTH,MONTHLY_PHISH_REPORTS,ALL_YEARLY_ENROLLMENTS}",false,48289928,2025-11-28
0e110928-d958-4211-bfca-97c92f16bc9d,27,"{SAME_RISK,NO_PHISHING_MONTH,MONTHLY_PHISH_REPORTS,ALL_YEARLY_ENROLLMENTS}",false,23546098,2025-11-28
7cfe865d-f0e8-4dd4-a3ac-c30fe99924f7,38,"{SAME_RISK,MONTHLY_PHISH_REPORTS,NO_PHISHING_YEAR,ALL_YEARLY_ENROLLMENTS}",false,23546099,2025-11-28
37abc0af-32a8-41ef-8c21-ef04be1f3089,25,"{SAME_RISK,ALL_YEARLY_ENROLLMENTS}",false,43139357,2025-11-28
ee9cc799-be0b-4053-b224-39f73587676a,34,"{SAME_RISK,NO_PHISHING_MONTH,NO_PHISHING_YEAR,ALL_YEARLY_ENROLLMENTS}",false,34142692,2025-11-28
3e491462-3b67-4797-96b7-43d0a9e78cd9,5,{SAME_RISK},false,51738039,2025-11-28
6db7b5c1-3636-4b6b-8b79-ca01a7a6d830,37,"{SAME_RISK,NO_PHISHING_MONTH,MONTHLY_PHISH_REPORTS,NO_PHISHING_YEAR,ALL_YEARLY_ENROLLMENTS}",false,23546160,2025-11-28
236bf0c1-9b49-4ca7-afa1-e16260011613,5,"{SAME_RISK,NO_PHISHING_MONTH,MONTHLY_PHISH_REPORTS}",false,23546163,2025-11-28
eb17eaf5-4291-4587-8f27-c180168a60e6,39,"{SAME_RISK,NO_PHISHING_MONTH,NO_PHISHING_YEAR,ALL_YEARLY_ENROLLMENTS}",false,23546165,2025-11-28
1f1d9f53-ff7a-450f-9244-ab5e413cf017,10,"{SAME_RISK,NO_PHISHING_MONTH,NO_PHISHING_YEAR}",false,44924672,2025-11-28
6658657c-2ce7-41d4-8697-f5a04826d051,5,"{SAME_RISK,NO_PHISHING_MONTH}",false,43139372,2025-11-28
3ab491ba-a6cb-4e17-bb0c-de3b89fba565,39,"{SAME_RISK,NO_PHISHING_MONTH,TOP_10_TEMPLATES,MONTHLY_PHISH_REPORTS,NO_PHISHING_YEAR,ALL_YEARLY_ENROLLMENTS}",false,37456666,2025-11-28
4ef632e5-07e5-4257-a2b5-559305ca0f99,38,"{SAME_RISK,NO_PHISHING_MONTH,MONTHLY_PHISH_REPORTS,NO_PHISHING_YEAR,ALL_YEARLY_ENROLLMENTS}",false,23546174,2025-11-28
3b4fbe0c-4757-4129-96b2-f3a35a001e6f,15,"{SAME_RISK,NO_PHISHING_MONTH,NO_PHISHING_YEAR}",false,23546186,2025-11-28
088c53c7-3b86-4d9c-8cd0-baf63a63cdba,39,"{SAME_RISK,NO_PHISHING_MONTH,NO_PHISHING_YEAR,ALL_YEARLY_ENROLLMENTS}",false,23546187,2025-11-28
cce81256-b718-4070-a9ff-e5f474981272,5,"{SAME_RISK,NO_PHISHING_MONTH}",false,23546189,2025-11-28
6a3357eb-2660-4f44-8506-493f1166c63f,11,{SAME_RISK},false,44924669,2025-11-28
151f7cb0-4b64-4c08-a5d6-a511c7dbc0de,5,{SAME_RISK},false,23546203,2025-11-28
32987405-bba1-45dd-aeb2-aeb82d807593,34,"{SAME_RISK,NO_PHISHING_MONTH,NO_PHISHING_YEAR,ALL_YEARLY_ENROLLMENTS}",false,18073042,2025-11-28
8e0b9e76-6f67-4296-93f5-61b4a778379b,26,"{SAME_RISK,NO_PHISHING_MONTH,MONTHLY_PHISH_REPORTS,ALL_YEARLY_ENROLLMENTS}",false,23546214,2025-11-28
3ce9914a-37dc-40d0-b8c2-63b2c489332b,29,"{SAME_RISK,ALL_YEARLY_ENROLLMENTS}",false,23546220,2025-11-28
cfb0a551-e8b2-45b2-876c-04d0f09aa9f4,8,"{SAME_RISK,NO_PHISHING_MONTH}",false,23546221,2025-11-28
428fe9cd-4661-4c49-95f3-d9ba3ffb55e4,28,"{SAME_RISK,NO_PHISHING_MONTH,MONTHLY_PHISH_REPORTS,ALL_YEARLY_ENROLLMENTS}",false,46385331,2025-11-28
16609cf8-80cd-42e6-9ed1-27f55a474c5d,39,"{SAME_RISK,NO_PHISHING_MONTH,MONTHLY_PHISH_REPORTS,NO_PHISHING_YEAR,ALL_YEARLY_ENROLLMENTS}",false,23546232,2025-11-28
c2b05561-7518-49dc-8e87-73aaa7effffc,39,"{SAME_RISK,NO_PHISHING_MONTH,MONTHLY_PHISH_REPORTS,NO_PHISHING_YEAR,ALL_YEARLY_ENROLLMENTS}",false,23546247,2025-11-28
8df0caef-e019-4d19-a94a-1ea945486482,37,"{SAME_RISK,NO_PHISHING_MONTH,MONTHLY_PHISH_REPORTS,NO_PHISHING_YEAR,ALL_YEARLY_ENROLLMENTS}",false,43139367,2025-11-28
7557ace6-d293-4756-ae94-48fa31bdecaf,15,"{SAME_RISK,NO_PHISHING_YEAR}",false,23546249,2025-11-28
45c1c075-40d9-43ee-b028-56f1aa4c8651,18,"{SAME_RISK,NO_PHISHING_MONTH,MONTHLY_PHISH_REPORTS,NO_PHISHING_YEAR}",false,23546343,2025-11-28
8699764c-fbdc-475a-bd75-e400a98b164e,30,"{SAME_RISK,NO_PHISHING_MONTH,NO_PHISHING_YEAR,ALL_YEARLY_ENROLLMENTS}",false,23546345,2025-11-28
bc1dd9ad-fa29-41c4-8f71-8d2284b64444,13,"{SAME_RISK,NO_PHISHING_MONTH}",false,23546361,2025-11-28
76ec4987-9a05-4c4a-b14d-d40102a04951,0,{SAME_RISK},false,56819307,2025-11-28
296fceb9-19af-4802-83bc-231d89fb7e1b,25,"{SAME_RISK,NO_PHISHING_MONTH,ALL_YEARLY_ENROLLMENTS}",false,23546327,2025-11-28
9e6bf57f-82fd-41c4-9a7c-d5856d5e5fd6,0,"{SAME_RISK,NO_PHISHING_MONTH}",false,23546330,2025-11-28
ce4d3822-22fe-4266-99f9-eb27b7727c68,8,"{SAME_RISK,NO_PHISHING_MONTH}",false,23545875,2025-11-28
a080aae4-d9ba-4185-98b4-52c48daebed4,39,"{SAME_RISK,NO_PHISHING_MONTH,MONTHLY_PHISH_REPORTS,NO_PHISHING_YEAR,ALL_YEARLY_ENROLLMENTS}",false,23545877,2025-11-28
bb77e830-c2b2-4800-bc5a-c2188cc09b0e,35,"{SAME_RISK,NO_PHISHING_MONTH,MONTHLY_PHISH_REPORTS,NO_PHISHING_YEAR,ALL_YEARLY_ENROLLMENTS}",false,37357889,2025-11-28
a79b1029-a86c-496b-9142-419b01068d17,33,"{SAME_RISK,NO_PHISHING_MONTH,NO_PHISHING_YEAR,ALL_YEARLY_ENROLLMENTS}",false,23545919,2025-11-28
34343af9-17ee-4902-8409-437e281aae52,26,"{SAME_RISK,NO_PHISHING_MONTH,MONTHLY_PHISH_REPORTS,ALL_YEARLY_ENROLLMENTS}",false,23545921,2025-11-28
5fe155d2-6a73-449c-97df-c88c7e829846,38,"{SAME_RISK,NO_PHISHING_MONTH,MONTHLY_PHISH_REPORTS,NO_PHISHING_YEAR,ALL_YEARLY_ENROLLMENTS}",false,23545923,2025-11-28
8b87c32b-0c9b-44a5-99d7-6868f3afbf8e,0,{SAME_RISK},false,23545924,2025-11-28
a5864a64-0f73-47fb-9a2d-10f3b717ea04,0,{SAME_RISK},false,23545926,2025-11-28
dda3fd37-956d-436c-81b0-426c43174179,36,"{SAME_RISK,NO_PHISHING_MONTH,NO_PHISHING_YEAR,ALL_YEARLY_ENROLLMENTS}",false,48588664,2025-11-28
edf4a99e-6ca6-414e-8049-65e7fa9200dd,38,"{SAME_RISK,NO_PHISHING_MONTH,MONTHLY_PHISH_REPORTS,NO_PHISHING_YEAR,ALL_YEARLY_ENROLLMENTS}",false,48506936,2025-11-28
2baa9515-0190-4ef5-9798-d79bccfe5200,5,"{SAME_RISK,NO_PHISHING_MONTH}",false,23545940,2025-11-28
97a8c112-b62d-4f49-9625-367e8708fc4f,23,"{SAME_RISK,NO_PHISHING_MONTH,ALL_YEARLY_ENROLLMENTS}",false,23545942,2025-11-28
0717f532-b171-46b1-94d9-a3504988a890,15,"{SAME_RISK,NO_PHISHING_YEAR}",false,23545951,2025-11-28
69176a8a-d113-4559-8d67-36f528302c9d,38,"{SAME_RISK,NO_PHISHING_MONTH,MONTHLY_PHISH_REPORTS,NO_PHISHING_YEAR,ALL_YEARLY_ENROLLMENTS}",false,43604095,2025-11-28
f7516178-170e-4bea-82eb-c64d1a7acfdf,15,"{SAME_RISK,NO_PHISHING_YEAR}",false,43139365,2025-11-28
2c71766e-3939-4876-b5ca-d846b27247a5,15,"{SAME_RISK,ONE_MONTHLY_ENROLLMENT,ALL_YEARLY_ENROLLMENTS}",false,23545958,2025-11-28
db2eee41-717f-4194-8a91-ba7f71000216,10,"{SAME_RISK,NO_PHISHING_MONTH}",false,23545962,2025-11-28
e5b648cd-c216-4054-84c8-4b104b85fc30,42,"{SAME_RISK,NO_PHISHING_MONTH,TOP_10_TEMPLATES,MONTHLY_PHISH_REPORTS,NO_PHISHING_YEAR,ALL_YEARLY_ENROLLMENTS}",false,23545968,2025-11-28
2c35cba2-4182-453c-89f2-9321c09ddcca,39,"{SAME_RISK,NO_PHISHING_MONTH,MONTHLY_PHISH_REPORTS,NO_PHISHING_YEAR,ALL_YEARLY_ENROLLMENTS}",false,43139384,2025-11-28
18838fbf-3cb7-4c27-9b72-5e7930958e1e,0,{SAME_RISK},false,53799597,2025-11-28
52e36cd5-ddc3-4300-b878-16aae7c674a9,10,"{SAME_RISK,NO_PHISHING_MONTH,MONTHLY_PHISH_REPORTS,NO_PHISHING_YEAR}",false,23546972,2025-11-28
d1ddbee5-2733-4839-b3d8-2608df074189,8,"{SAME_RISK,NO_PHISHING_MONTH}",false,53841590,2025-11-28
2c2f8089-bfa2-4ddf-9e1c-6071ff8ba190,0,{SAME_RISK},false,54890602,2025-11-28
5e631988-1251-4383-bd1c-8e96365ceb01,5,{SAME_RISK},false,54537818,2025-11-28
8d7f2e5c-6d66-4dad-a3e7-9778c7375e2a,10,"{SAME_RISK,NO_PHISHING_YEAR}",false,43139366,2025-11-28
6930d707-544a-47b6-900f-58157406c67e,10,{SAME_RISK},false,55194993,2025-11-28
8a440330-4762-426d-994d-649bcef3e592,20,"{SAME_RISK,ONE_MONTHLY_ENROLLMENT,NO_PHISHING_MONTH,ALL_YEARLY_ENROLLMENTS}",false,54005715,2025-11-28
22f090f8-7b9d-464e-8b38-7373185946a8,22,"{SAME_RISK,NO_PHISHING_MONTH,ALL_YEARLY_ENROLLMENTS}",false,23546001,2025-11-28
d0581c67-3a89-4931-ada0-ebae3bfd2b83,15,"{SAME_RISK,NO_PHISHING_MONTH,NO_PHISHING_YEAR}",false,49500780,2025-11-28
9ef51335-0195-4b74-abf7-ea0f66e35f57,15,"{SAME_RISK,NO_PHISHING_MONTH,NO_PHISHING_YEAR}",false,48588660,2025-11-28
c809cee8-8331-4a76-8e7d-0fba00a1b6cb,5,"{SAME_RISK,NO_PHISHING_MONTH}",false,53799596,2025-11-28
597e7d54-ce54-449a-9aac-782e92da3fec,39,"{SAME_RISK,NO_PHISHING_MONTH,MONTHLY_PHISH_REPORTS,NO_PHISHING_YEAR,ALL_YEARLY_ENROLLMENTS}",false,23546017,2025-11-28
f4045240-00f5-4c4f-acc0-b780a5918392,15,"{SAME_RISK,NO_PHISHING_MONTH,NO_PHISHING_YEAR}",false,23546018,2025-11-28
5618f5fa-8577-4678-9f7c-14470394e8f3,31,"{SAME_RISK,NO_PHISHING_MONTH,TOP_10_TEMPLATES,MONTHLY_PHISH_REPORTS,ALL_YEARLY_ENROLLMENTS}",false,22119351,2025-11-28
a58ab221-dbfa-4a3d-8661-d719bf57caa6,5,"{SAME_RISK,NO_PHISHING_MONTH}",false,23546019,2025-11-28
26b9143e-5553-4e47-a4d3-f84fc32caf57,15,"{SAME_RISK,NO_PHISHING_MONTH,MONTHLY_PHISH_REPORTS,NO_PHISHING_YEAR}",false,44924663,2025-11-28
316f97ee-afa2-4fdd-af90-9ef127499139,33,"{SAME_RISK,NO_PHISHING_MONTH,NO_PHISHING_YEAR,ALL_YEARLY_ENROLLMENTS}",false,23546022,2025-11-28
4a79b923-5736-4267-a857-da9fc5ae2a0d,38,"{SAME_RISK,NO_PHISHING_MONTH,NO_PHISHING_YEAR,ALL_YEARLY_ENROLLMENTS}",false,23546025,2025-11-28
774fdc84-b454-4c2c-9691-0b9049d25768,38,"{SAME_RISK,NO_PHISHING_MONTH,MONTHLY_PHISH_REPORTS,NO_PHISHING_YEAR,ALL_YEARLY_ENROLLMENTS}",false,23546026,2025-11-28
eab9c9e8-f6e2-4809-90f9-6e4a6d0270c2,38,"{SAME_RISK,NO_PHISHING_MONTH,MONTHLY_PHISH_REPORTS,NO_PHISHING_YEAR,ALL_YEARLY_ENROLLMENTS}",false,23546030,2025-11-28
e31de51a-ae4e-47c1-a911-41b1b6353393,36,"{SAME_RISK,NO_PHISHING_MONTH,MONTHLY_PHISH_REPORTS,NO_PHISHING_YEAR,ALL_YEARLY_ENROLLMENTS}",false,35477448,2025-11-28
e0e886b0-57bf-40bf-8bc2-f4d8d254880d,20,"{SAME_RISK,NO_PHISHING_MONTH,MONTHLY_PHISH_REPORTS}",false,23546032,2025-11-28
1a2a4d47-0879-412e-83a0-be54d9f41799,0,{SAME_RISK},false,48588662,2025-11-28
443947b3-8740-4676-94fd-08f0517b5aa1,21,"{SAME_RISK,NO_PHISHING_MONTH,ALL_YEARLY_ENROLLMENTS,WELCOME_TRAINING}",true,57188182,2025-11-28
2da9290f-e493-48ba-8192-06c8b4a51f16,21,"{SAME_RISK,ALL_YEARLY_ENROLLMENTS,WELCOME_TRAINING}",true,56860873,2025-11-28
0b697ab2-f07a-47a8-aba0-b33bfde08621,18,"{SAME_RISK,NO_PHISHING_YEAR}",false,23546033,2025-11-28
6ba0393d-bfae-4ede-addd-fb85e34fb963,10,"{SAME_RISK,NO_PHISHING_YEAR}",false,48314334,2025-11-28
9640d689-c41a-4a43-a942-d2889e70792f,39,"{SAME_RISK,NO_PHISHING_MONTH,NO_PHISHING_YEAR,ALL_YEARLY_ENROLLMENTS}",false,23546040,2025-11-28
f24a63df-14b4-4b42-92ef-fa0531721490,26,"{SAME_RISK,ALL_YEARLY_ENROLLMENTS}",false,44973590,2025-11-28
af289a24-9cfb-4756-98c8-c52b1a903ce2,23,"{SAME_RISK,NO_PHISHING_MONTH,ALL_YEARLY_ENROLLMENTS}",false,23546045,2025-11-28
dff5e6ae-208d-473b-b274-4e7cc97e47aa,3,{SAME_RISK},false,23546048,2025-11-28
5b3ae4b9-917e-4e22-8dc6-d2390322fe4d,14,"{SAME_RISK,WELCOME_TRAINING}",true,56865085,2025-11-28
d77cace2-e46b-4a95-950b-5b7e1833a3bd,39,"{SAME_RISK,NO_PHISHING_MONTH,NO_PHISHING_YEAR,ALL_YEARLY_ENROLLMENTS}",false,23546060,2025-11-28
8de45c21-ce12-443f-b6e9-3ef2bd1e03fc,25,"{SAME_RISK,NO_PHISHING_MONTH,ALL_YEARLY_ENROLLMENTS}",false,53259504,2025-11-28
e99dec57-74af-4e03-a3e3-6fb2a5c8b909,8,"{SAME_RISK,NO_PHISHING_MONTH,MONTHLY_PHISH_REPORTS}",false,46205091,2025-11-28
07de537e-5cfb-4743-808f-77cf10b4bfb5,38,"{SAME_RISK,NO_PHISHING_MONTH,MONTHLY_PHISH_REPORTS,NO_PHISHING_YEAR,ALL_YEARLY_ENROLLMENTS}",false,22119352,2025-11-28
504f48c9-953b-401b-bf0f-70269fc965ab,18,"{SAME_RISK,NO_PHISHING_MONTH,NO_PHISHING_YEAR}",false,23546064,2025-11-28
1a23f0d3-935e-4b0a-84fc-9a0374100205,17,"{SAME_RISK,NO_PHISHING_MONTH,NO_PHISHING_YEAR}",false,23546065,2025-11-28
2a5c0688-2b54-494f-9993-79ed50d48c83,39,"{SAME_RISK,NO_PHISHING_YEAR,ALL_YEARLY_ENROLLMENTS}",false,23546170,2025-11-28
ccb73ac2-082a-46ea-a9e7-3932333d66b9,15,"{SAME_RISK,NO_PHISHING_MONTH,MONTHLY_PHISH_REPORTS,NO_PHISHING_YEAR}",false,23546521,2025-11-28
da732079-24ae-49c6-9ab3-2e7856c28402,18,"{SAME_RISK,NO_PHISHING_MONTH,NO_PHISHING_YEAR}",false,18073090,2025-11-28
41199a89-84c2-40f3-ae77-b7a0170f1412,38,"{SAME_RISK,NO_PHISHING_MONTH,MONTHLY_PHISH_REPORTS,NO_PHISHING_YEAR,ALL_YEARLY_ENROLLMENTS}",false,23546522,2025-11-28
f3dec582-639d-4adc-8704-b692c6f77702,0,{SAME_RISK},false,23546525,2025-11-28
4b4ab499-6bcc-4118-94c1-35be7fc702e8,25,"{SAME_RISK,ALL_YEARLY_ENROLLMENTS}",false,23546103,2025-11-28
3f9e890b-3241-4809-8678-bf8e9a6f779f,28,"{SAME_RISK,NO_PHISHING_MONTH,MONTHLY_PHISH_REPORTS,ALL_YEARLY_ENROLLMENTS}",false,23546106,2025-11-28
fcad7af3-e7bf-4838-bf7a-70bec4a9c318,3,"{SAME_RISK,NO_PHISHING_MONTH}",false,23546114,2025-11-28
670d3f36-e59c-40a7-9d56-28e86942028e,29,"{SAME_RISK,NO_PHISHING_MONTH,MONTHLY_PHISH_REPORTS,ALL_YEARLY_ENROLLMENTS}",false,33801473,2025-11-28
ba3f32ed-b443-49b0-888d-c1e20f88f9e3,36,"{SAME_RISK,NO_PHISHING_MONTH,MONTHLY_PHISH_REPORTS,NO_PHISHING_YEAR,ALL_YEARLY_ENROLLMENTS}",false,23546121,2025-11-28
a6f03f85-28a9-4244-a491-82d0eac92d58,13,"{SAME_RISK,NO_PHISHING_MONTH,NO_PHISHING_YEAR}",false,23546126,2025-11-28
56b3df53-e158-4da6-ba02-a78b9a02af22,38,"{SAME_RISK,NO_PHISHING_MONTH,NO_PHISHING_YEAR,ALL_YEARLY_ENROLLMENTS}",false,23546130,2025-11-28
5aa187e2-687c-4a9c-8bba-b8a8146b9aa7,25,"{SAME_RISK,MONTHLY_PHISH_REPORTS,ALL_YEARLY_ENROLLMENTS}",false,51125934,2025-11-28
df348686-5890-44a2-b4a8-15cf92cd90d1,3,"{SAME_RISK,NO_PHISHING_MONTH,MONTHLY_PHISH_REPORTS}",false,56446275,2025-11-28
e4fb86b6-249e-4632-a00a-1edd14672c8d,5,"{SAME_RISK,NO_PHISHING_MONTH}",false,23546138,2025-11-28
88efcbcc-476f-4ca3-96cf-69e47e28f3d7,15,"{SAME_RISK,NO_PHISHING_MONTH,MONTHLY_PHISH_REPORTS,NO_PHISHING_YEAR}",false,49500774,2025-11-28
876d5acc-7dcf-48ed-b29d-aa4891b0b498,5,"{SAME_RISK,NO_PHISHING_MONTH,MONTHLY_PHISH_REPORTS}",false,54005714,2025-11-28
f06d9c9e-9089-40f8-94db-6cf5d5368a63,15,"{SAME_RISK,NO_PHISHING_MONTH,NO_PHISHING_YEAR}",false,50815375,2025-11-28
d072ab69-cf91-432c-9699-6b07f59f72f4,38,"{SAME_RISK,ONE_MONTHLY_ENROLLMENT,NO_PHISHING_MONTH,MONTHLY_PHISH_REPORTS,NO_PHISHING_YEAR,ALL_YEARLY_ENROLLMENTS}",false,23546207,2025-11-28
66a24355-1a2e-4608-b1af-62e9c453fb51,0,{SAME_RISK},false,54020516,2025-11-28
c8ff58c4-5b64-4bb8-b664-571eb668e6d3,23,{ALL_YEARLY_ENROLLMENTS},false,44924660,2025-11-28
9522a9cb-0cbb-405b-8fdf-b5c54a41febb,35,"{SAME_RISK,NO_PHISHING_MONTH,NO_PHISHING_YEAR,ALL_YEARLY_ENROLLMENTS}",false,23546153,2025-11-28
ab3928cf-c87e-47b9-a99a-d84e6da5ad5f,32,"{SAME_RISK,NO_PHISHING_MONTH,NO_PHISHING_YEAR,ALL_YEARLY_ENROLLMENTS}",false,23546157,2025-11-28
91acad52-030f-4e79-acb6-94e267a25c2e,18,"{SAME_RISK,NO_PHISHING_MONTH,NO_PHISHING_YEAR}",false,22119355,2025-11-28
eb81e93c-94cc-419f-b871-b85ea0e8618a,9,"{SAME_RISK,NO_PHISHING_MONTH}",false,56588279,2025-11-28
4becd003-0849-43af-81bb-f3686b9aa0f7,28,"{SAME_RISK,NO_PHISHING_MONTH,MONTHLY_PHISH_REPORTS,ALL_YEARLY_ENROLLMENTS}",false,23546182,2025-11-28
f6687ad5-d587-46a5-8ba4-2b164cfb8a1a,35,"{SAME_RISK,NO_PHISHING_MONTH,MONTHLY_PHISH_REPORTS,NO_PHISHING_YEAR,ALL_YEARLY_ENROLLMENTS}",false,23546184,2025-11-28
df03f8de-efe9-47ea-8b41-701424360efb,29,"{SAME_RISK,NO_PHISHING_MONTH,MONTHLY_PHISH_REPORTS,ALL_YEARLY_ENROLLMENTS}",false,44973591,2025-11-28
33de4944-3d82-4bbf-bbdc-7856f49ba970,10,"{SAME_RISK,NO_PHISHING_MONTH}",false,23546196,2025-11-28
45d9e157-43fd-46b1-ad42-608811ca4fbc,15,"{SAME_RISK,NO_PHISHING_MONTH,NO_PHISHING_YEAR}",false,23546197,2025-11-28
8a26cec1-914e-449f-9a9b-9c818d2b55f1,35,"{SAME_RISK,NO_PHISHING_YEAR,ALL_YEARLY_ENROLLMENTS}",false,23546204,2025-11-28
b3f79a80-7fae-4f67-ad91-017128ef72e7,38,"{SAME_RISK,NO_PHISHING_MONTH,NO_PHISHING_YEAR,ALL_YEARLY_ENROLLMENTS}",false,23546408,2025-11-28
21ba7fd6-15ee-4687-a99f-1ce3ec8bb6f1,39,"{SAME_RISK,NO_PHISHING_MONTH,MONTHLY_PHISH_REPORTS,NO_PHISHING_YEAR,ALL_YEARLY_ENROLLMENTS}",false,22119354,2025-11-28
67577eca-a723-410a-af48-4ff9ddc81514,19,"{SAME_RISK,NO_PHISHING_MONTH,MONTHLY_PHISH_REPORTS,ALL_YEARLY_ENROLLMENTS}",false,23546409,2025-11-28
9ac76a42-51b4-4abe-be51-6d1ef77a3ee3,39,"{SAME_RISK,NO_PHISHING_MONTH,MONTHLY_PHISH_REPORTS,NO_PHISHING_YEAR,ALL_YEARLY_ENROLLMENTS}",false,23546410,2025-11-28
72692711-1b9a-4b8c-bfcc-caf96f7f5cc1,25,"{SAME_RISK,ONE_MONTHLY_ENROLLMENT,NO_PHISHING_MONTH,MONTHLY_PHISH_REPORTS,NO_PHISHING_YEAR,ALL_YEARLY_ENROLLMENTS}",false,44924670,2025-11-28
d7d3eefa-5858-4d40-9e5f-2620fd28fc83,15,"{SAME_RISK,NO_PHISHING_MONTH,NO_PHISHING_YEAR}",false,30149827,2025-11-28
a1e9680e-9277-4023-882b-ce18e7274bf7,15,"{SAME_RISK,NO_PHISHING_YEAR}",false,23546417,2025-11-28
f09148f4-c2b4-4025-a682-3a1ce7173f12,20,"{SAME_RISK,NO_PHISHING_MONTH,MONTHLY_PHISH_REPORTS,NO_PHISHING_YEAR}",false,23546419,2025-11-28
3bc8f98b-962e-4086-adae-2538014ca780,0,"{SAME_RISK,NO_PHISHING_MONTH}",false,23546423,2025-11-28
01d96815-70c2-4345-bc41-cbe3715c7aed,35,"{SAME_RISK,NO_PHISHING_MONTH,MONTHLY_PHISH_REPORTS,NO_PHISHING_YEAR,ALL_YEARLY_ENROLLMENTS}",false,23546435,2025-11-28
dde2f584-8c72-4a8c-a2b8-d0f9095e5802,0,{SAME_RISK},false,57520707,2025-11-28
7537bf7a-662c-4681-be53-e19a68cdd9ce,25,"{SAME_RISK,NO_PHISHING_MONTH,NO_PHISHING_YEAR}",false,44442162,2025-11-28
4af98851-66b9-45e5-bff8-6ac3462a20d6,18,"{SAME_RISK,NO_PHISHING_YEAR}",false,43139382,2025-11-28
b62e402d-53de-49e8-8ab7-04d0dc236ab3,15,"{SAME_RISK,NO_PHISHING_MONTH,NO_PHISHING_YEAR}",false,23546471,2025-11-28
5e201403-34ba-4c44-985c-47c4c198a34e,0,{SAME_RISK},false,23546473,2025-11-28
0bcf5395-35e7-470d-97cf-e51bd922c571,42,"{SAME_RISK,NO_PHISHING_MONTH,TOP_10_TEMPLATES,NO_PHISHING_YEAR,ALL_YEARLY_ENROLLMENTS}",false,23546478,2025-11-28
a3d9c280-c62c-4e56-891e-3a898ce96eff,0,"{SAME_RISK,NO_PHISHING_MONTH}",false,48588661,2025-11-28
1405c496-3f58-4578-902b-08e48940e1b6,8,"{SAME_RISK,NO_PHISHING_MONTH}",false,43139379,2025-11-28
af5f5528-8d5b-476d-a6b4-f9e65fba7549,29,"{SAME_RISK,NO_PHISHING_MONTH,MONTHLY_PHISH_REPORTS,NO_PHISHING_YEAR,ALL_YEARLY_ENROLLMENTS}",false,23546498,2025-11-28
d55619e1-2e45-486f-8c46-0c096955d432,27,"{SAME_RISK,NO_PHISHING_MONTH,MONTHLY_PHISH_REPORTS,ALL_YEARLY_ENROLLMENTS}",false,23546500,2025-11-28
c35daa14-05c7-4f9d-87af-10b701c698b9,29,"{SAME_RISK,NO_PHISHING_MONTH,MONTHLY_PHISH_REPORTS,ALL_YEARLY_ENROLLMENTS}",false,51834647,2025-11-28
3d489c16-d21a-4449-bb8a-014a3b7210cd,22,"{SAME_RISK,NO_PHISHING_MONTH,MONTHLY_PHISH_REPORTS,ALL_YEARLY_ENROLLMENTS}",false,54020518,2025-11-28
2f68b7a1-5930-4d25-bb1b-91fe887d596a,12,"{SAME_RISK,NO_PHISHING_MONTH}",false,43139364,2025-11-28
abde4fc0-21ca-4d2b-98c6-f9fbc0968b8b,15,"{SAME_RISK,NO_PHISHING_MONTH,NO_PHISHING_YEAR}",false,23546506,2025-11-28
f6e297b6-98e6-4c8e-8d9a-9cbb8826464d,15,"{SAME_RISK,NO_PHISHING_MONTH,NO_PHISHING_YEAR}",false,23546507,2025-11-28
fd9f9e78-e502-405c-9392-5d1e394a0107,8,{SAME_RISK},false,51986645,2025-11-28
c24e0bab-edc7-4f18-b141-832b5142586e,3,{SAME_RISK},false,23546208,2025-11-28
65e5b55e-7981-4dab-89fb-166a425eefed,39,"{SAME_RISK,NO_PHISHING_MONTH,MONTHLY_PHISH_REPORTS,NO_PHISHING_YEAR,ALL_YEARLY_ENROLLMENTS}",false,23546211,2025-11-28
ba1c8f45-3719-4a64-bbf8-c1bc456134dd,7,"{SAME_RISK,NO_PHISHING_MONTH}",false,23546223,2025-11-28
712554e1-835d-4edb-8827-6393ac88221a,5,"{SAME_RISK,NO_PHISHING_MONTH,MONTHLY_PHISH_REPORTS}",false,43139355,2025-11-28
9f3914bf-8071-4ef4-8eec-478723004186,0,{SAME_RISK},false,23546228,2025-11-28
b4c3e236-fe0d-47f7-abe0-241e6843f915,11,{SAME_RISK},false,49500784,2025-11-28
266f9b21-e5d4-4f82-8b08-99b18784188d,35,"{SAME_RISK,NO_PHISHING_MONTH,NO_PHISHING_YEAR,ALL_YEARLY_ENROLLMENTS}",false,23546246,2025-11-28
ea49f7a5-6d96-4bd9-a52d-70139adfbc9b,8,"{SAME_RISK,ONE_MONTHLY_ENROLLMENT}",false,23546248,2025-11-28
677d2344-7347-438b-9b82-585892e4a71a,35,"{SAME_RISK,NO_PHISHING_MONTH,MONTHLY_PHISH_REPORTS,NO_PHISHING_YEAR,ALL_YEARLY_ENROLLMENTS}",false,37357876,2025-11-28
a973a123-26af-4ebc-9457-0db52ac6ff11,5,"{SAME_RISK,NO_PHISHING_MONTH}",false,24835976,2025-11-28
abaecdeb-5ab7-4195-927e-f48a1bdd84ce,28,"{SAME_RISK,NO_PHISHING_MONTH,MONTHLY_PHISH_REPORTS,ALL_YEARLY_ENROLLMENTS}",false,23546340,2025-11-28
f05db9c2-b0db-4ade-b2d2-65290e4a8fec,28,"{SAME_RISK,NO_PHISHING_MONTH,MONTHLY_PHISH_REPORTS,ALL_YEARLY_ENROLLMENTS}",false,23546362,2025-11-28
4f9717cb-f46f-482e-bf79-296d96c84a5b,0,{},false,55364163,2025-11-28
b2dbaf33-67d1-47fb-8463-8412d9c813cc,25,"{SAME_RISK,NO_PHISHING_MONTH,MONTHLY_PHISH_REPORTS,ALL_YEARLY_ENROLLMENTS}",false,44416785,2025-11-28
7567498c-f27a-4d01-9604-898ae8a187fc,35,"{SAME_RISK,NO_PHISHING_MONTH,NO_PHISHING_YEAR,ALL_YEARLY_ENROLLMENTS}",false,43139375,2025-11-28
c8992947-7f1b-4f9b-aa7a-8c3bee7624b0,0,{SAME_RISK},false,23546257,2025-11-28
55d64ee4-8bc0-4150-9dfb-bec5958dad7d,10,"{SAME_RISK,NO_PHISHING_MONTH,NO_PHISHING_YEAR}",false,43139376,2025-11-28
c3de412d-652b-48a9-8f0d-bc196ebf97d6,36,"{SAME_RISK,NO_PHISHING_MONTH,MONTHLY_PHISH_REPORTS,NO_PHISHING_YEAR,ALL_YEARLY_ENROLLMENTS}",false,23546261,2025-11-28
5fc5cbda-8b8b-4e2d-8841-9c2077f04c5f,9,"{SAME_RISK,ONE_MONTHLY_ENROLLMENT}",false,55793805,2025-11-28
74ed448d-3d03-4fa7-b675-20dc4be34b1e,36,"{SAME_RISK,NO_PHISHING_MONTH,MONTHLY_PHISH_REPORTS,NO_PHISHING_YEAR,ALL_YEARLY_ENROLLMENTS}",false,23546263,2025-11-28
09e568e8-c3a9-484c-bbea-dd6500c9cd20,23,"{SAME_RISK,NO_PHISHING_MONTH,ALL_YEARLY_ENROLLMENTS}",false,51662727,2025-11-28
e06ab175-b4d6-45df-9316-4dc8a636cb78,0,"{SAME_RISK,NO_PHISHING_MONTH}",false,48596987,2025-11-28
6aad3755-7178-408b-a15b-93cf7c47c4d1,15,"{SAME_RISK,NO_PHISHING_MONTH,NO_PHISHING_YEAR}",false,48065294,2025-11-28
94a9cea4-9ae4-46c2-b71b-773c7ce89101,8,"{SAME_RISK,NO_PHISHING_MONTH,MONTHLY_PHISH_REPORTS}",false,55729881,2025-11-28
0a1b292e-5e46-450a-be1c-d5141657ae7a,18,"{SAME_RISK,NO_PHISHING_MONTH,MONTHLY_PHISH_REPORTS,NO_PHISHING_YEAR}",false,23546281,2025-11-28
b86a6d73-0772-4a24-bf96-0741d066c25c,28,"{SAME_RISK,ALL_YEARLY_ENROLLMENTS}",false,48289927,2025-11-28
e46e61a0-ab0d-4774-959c-7a3d1d3f7286,15,"{SAME_RISK,ONE_MONTHLY_ENROLLMENT,NO_PHISHING_MONTH,ALL_YEARLY_ENROLLMENTS}",false,23546287,2025-11-28
d2660a96-4503-4cbd-a48b-5f35170b3dfd,15,"{SAME_RISK,NO_PHISHING_MONTH,NO_PHISHING_YEAR}",false,43139358,2025-11-28
b4e56f63-7ac3-45a9-a81b-612ce6022184,8,"{SAME_RISK,NO_PHISHING_MONTH}",false,23546298,2025-11-28
d5ffa4a8-c844-49d4-80d8-acb615c58d5c,33,"{SAME_RISK,NO_PHISHING_MONTH,NO_PHISHING_YEAR,ALL_YEARLY_ENROLLMENTS}",false,22119353,2025-11-28
6029b884-ddb9-402f-bbb0-1afd3d264ac1,26,"{SAME_RISK,NO_PHISHING_MONTH,MONTHLY_PHISH_REPORTS,ALL_YEARLY_ENROLLMENTS}",false,23546305,2025-11-28
4612d5ba-4c13-4f8f-9930-dd7d74d35a9c,38,"{SAME_RISK,NO_PHISHING_MONTH,MONTHLY_PHISH_REPORTS,NO_PHISHING_YEAR,ALL_YEARLY_ENROLLMENTS}",false,35477416,2025-11-28
37a34d13-9588-43ee-920b-39138bb1af8e,0,"{SAME_RISK,NO_PHISHING_MONTH}",false,45935063,2025-11-28
699a3dbe-8c58-4504-b460-68b8bc336ca3,21,"{SAME_RISK,NO_PHISHING_MONTH,MONTHLY_PHISH_REPORTS,NO_PHISHING_YEAR}",false,23546312,2025-11-28
96b33d45-0ea6-47dc-8a62-3468b47379a7,23,"{SAME_RISK,NO_PHISHING_MONTH,NO_PHISHING_YEAR}",false,23546332,2025-11-28
f7aae7a4-a518-45b3-8c89-87de43f1fdf6,27,"{SAME_RISK,NO_PHISHING_MONTH,NO_PHISHING_YEAR,ALL_YEARLY_ENROLLMENTS}",false,23546334,2025-11-28
1e994073-adf2-4ed6-bd66-973335381559,15,"{SAME_RISK,NO_PHISHING_MONTH,NO_PHISHING_YEAR}",false,35477430,2025-11-28
27f4ee88-b86a-44dc-bae5-c6cdb37da2ed,28,"{SAME_RISK,NO_PHISHING_MONTH,ALL_YEARLY_ENROLLMENTS}",false,23546366,2025-11-28
1503cb56-2839-4002-a5f3-fdbfaaefe307,15,"{SAME_RISK,NO_PHISHING_MONTH,NO_PHISHING_YEAR}",false,8090989,2025-11-28
f9aa0763-e5a3-4960-b3fd-bda3891481a2,0,{SAME_RISK},false,54784293,2025-11-28
1a73c4a1-f389-4401-87ee-3fe3ab9dd8af,8,"{SAME_RISK,NO_PHISHING_MONTH}",false,18073063,2025-11-28
4f070f03-bca3-4f30-adc9-ae7f6c67ab79,11,"{SAME_RISK,NO_PHISHING_MONTH,MONTHLY_PHISH_REPORTS}",false,23546373,2025-11-28
e3c6d305-8f79-4f0c-b454-06e09ef2b2d5,28,"{SAME_RISK,NO_PHISHING_MONTH,MONTHLY_PHISH_REPORTS,ALL_YEARLY_ENROLLMENTS}",false,23546377,2025-11-28
78795d2f-e779-4653-9847-54a404c6f1ea,29,"{SAME_RISK,NO_PHISHING_MONTH,MONTHLY_PHISH_REPORTS,ALL_YEARLY_ENROLLMENTS}",false,24835975,2025-11-28
5a52ff91-bbf5-40af-ba7f-52956d563970,5,"{SAME_RISK,NO_PHISHING_MONTH}",false,23546385,2025-11-28
96707aef-0c17-420f-b100-0ef1df83b7b3,25,"{SAME_RISK,NO_PHISHING_MONTH,ALL_YEARLY_ENROLLMENTS}",false,23546387,2025-11-28
8048310a-6a8e-438b-ac01-09240f9dec9a,25,"{SAME_RISK,NO_PHISHING_MONTH,ALL_YEARLY_ENROLLMENTS}",false,27743587,2025-11-28
baf0e513-ae2d-4374-bbfd-599869266a93,2,"{SAME_RISK,NO_PHISHING_MONTH}",false,56051481,2025-11-28
2e6fb523-543e-4c6d-8941-c4e544ba0877,25,"{SAME_RISK,NO_PHISHING_MONTH,MONTHLY_PHISH_REPORTS,ALL_YEARLY_ENROLLMENTS}",false,51738040,2025-11-28